Mary,F,91669
Anna,F,38159
Emma,F,25404
Elizabeth,F,25007
Margaret,F,21800
Minnie,F,21724
Ida,F,18283
Bertha,F,18263
Clara,F,17717
Alice,F,17142
Annie,F,17027
Florence,F,16699
Bessie,F,15373
Grace,F,15227
Ethel,F,14866
Sarah,F,14715
Ella,F,13936
Martha,F,13911
Nellie,F,13761
Mabel,F,13096
Laura,F,12806
Carrie,F,12514
Cora,F,11954
Helen,F,11496
Maude,F,11453
Lillian,F,11270
Gertrude,F,11101
Rose,F,11064
Edna,F,11020
Pearl,F,10903
Edith,F,10881
Jennie,F,10220
Hattie,F,10199
Mattie,F,9844
Julia,F,9800
Eva,F,9800
Myrtle,F,9769
Louise,F,9596
Lillie,F,9467
Jessie,F,9186
Frances,F,9183
Catherine,F,8915
Lula,F,8882
Lena,F,8691
Marie,F,8490
Ada,F,8423
Josephine,F,7733
Fannie,F,7527
Lucy,F,7520
Dora,F,7288
Agnes,F,7237
Maggie,F,7072
Blanche,F,6925
Katherine,F,6922
Elsie,F,6647
Nora,F,6521
Mamie,F,6330
Rosa,F,6157
Stella,F,6130
Daisy,F,6054
May,F,5882
Effie,F,5850
Mae,F,5647
Ellen,F,5402
Nettie,F,5313
Ruth,F,5298
Alma,F,5190
Della,F,5048
Lizzie,F,5035
Sadie,F,4915
Sallie,F,4840
Nancy,F,4793
Susie,F,4780
Maud,F,4201
Flora,F,4195
Irene,F,4002
Etta,F,3973
Katie,F,3907
Lydia,F,3902
Lottie,F,3888
Viola,F,3806
Caroline,F,3743
Addie,F,3739
Hazel,F,3644
Georgia,F,3540
Esther,F,3476
Mollie,F,3471
Olive,F,3456
Willie,F,3397
Harriet,F,3369
Emily,F,3368
Charlotte,F,3311
Amanda,F,3280
Kathryn,F,3276
Lulu,F,3253
Susan,F,3231
Kate,F,3194
Nannie,F,3165
Jane,F,2971
Amelia,F,2957
Virginia,F,2948
Mildred,F,2919
Beulah,F,2866
Eliza,F,2851
Rebecca,F,2849
Ollie,F,2832
Belle,F,2648
Ruby,F,2603
Pauline,F,2593
Matilda,F,2533
Theresa,F,2505
Hannah,F,2480
Henrietta,F,2480
Ora,F,2391
Estella,F,2321
Leona,F,2151
Augusta,F,2145
Eleanor,F,2136
Rachel,F,2128
Amy,F,2127
Sara,F,2127
Anne,F,2126
Marion,F,2109
Iva,F,2108
Ann,F,2104
Nina,F,2093
Dorothy,F,2088
Lola,F,2054
Lela,F,1915
Beatrice,F,1900
Josie,F,1884
Sophia,F,1865
Mayme,F,1841
Estelle,F,1841
Barbara,F,1820
Evelyn,F,1817
Maria,F,1732
Inez,F,1633
Allie,F,1606
Essie,F,1554
Delia,F,1546
Mable,F,1544
Millie,F,1527
Alta,F,1523
Betty,F,1519
Callie,F,1515
Janie,F,1491
Rosie,F,1485
Victoria,F,1440
Ola,F,1421
Gladys,F,1420
Louisa,F,1420
Ina,F,1406
Eula,F,1396
Luella,F,1384
Vera,F,1365
Lou,F,1364
Celia,F,1363
Nell,F,1345
Goldie,F,1327
Winifred,F,1309
Bettie,F,1298
Hilda,F,1280
Sophie,F,1267
Christine,F,1266
Marguerite,F,1256
Tillie,F,1254
Birdie,F,1237
Rena,F,1219
Eunice,F,1216
Bertie,F,1153
Olga,F,1116
Sylvia,F,1109
Lucille,F,1108
Bess,F,1099
Isabelle,F,1092
Genevieve,F,1088
Leila,F,1079
Mathilda,F,1065
Dollie,F,1063
Isabel,F,1053
Verna,F,1052
Bernice,F,1037
Loretta,F,1036
Rhoda,F,1024
Cornelia,F,1020
Sally,F,1010
Jean,F,1000
Alberta,F,992
Winnie,F,989
Lelia,F,987
Lois,F,954
Myra,F,953
Harriett,F,938
Roxie,F,933
Adeline,F,932
Abbie,F,929
Flossie,F,924
Sue,F,918
Christina,F,916
Lora,F,914
Elva,F,903
Hulda,F,899
Katharine,F,896
Nelle,F,895
Hettie,F,895
Violet,F,879
Adelaide,F,879
Lucinda,F,869
Johanna,F,864
Frieda,F,863
Carolyn,F,856
Cecelia,F,852
Gussie,F,813
Leah,F,809
Selma,F,808
Hester,F,796
Lenora,F,785
Virgie,F,783
Lettie,F,783
Lilly,F,781
Helena,F,775
Mina,F,773
Teresa,F,769
Jeanette,F,767
Adele,F,748
Irma,F,733
Lura,F,727
Hallie,F,717
Fanny,F,716
Gertie,F,710
Jeannette,F,705
Lucile,F,701
Linnie,F,696
Lila,F,691
Lily,F,680
Wilhelmina,F,680
Mittie,F,673
Francis,F,671
Lida,F,664
Geneva,F,663
Minerva,F,661
Marjorie,F,655
Myrtie,F,651
Meta,F,650
Phoebe,F,646
Elma,F,643
Zella,F,639
Marian,F,632
Cecilia,F,630
Naomi,F,629
Claudia,F,626
Freda,F,624
Regina,F,621
Olivia,F,618
Isabella,F,603
Eugenia,F,593
Norma,F,590
Cynthia,F,582
Ophelia,F,580
Elnora,F,579
Madge,F,574
Emilie,F,553
Cordelia,F,546
Roberta,F,541
Erma,F,540
Dessie,F,540
Elsa,F,537
Alvina,F,533
Mabelle,F,532
Leola,F,531
Ivy,F,508
Lorena,F,508
Louella,F,500
Rosetta,F,496
Lee,F,494
Linda,F,493
Malinda,F,485
Cassie,F,485
Catharine,F,478
Polly,F,476
Vivian,F,465
Miriam,F,462
Janet,F,461
Dovie,F,458
Rosalie,F,457
Margie,F,456
Georgie,F,454
Madeline,F,454
Mandy,F,453
Lessie,F,449
Claire,F,448
Blanch,F,448
Maudie,F,447
Juanita,F,446
Elvira,F,446
John,F,445
Lina,F,444
Frankie,F,439
Kittie,F,434
Fern,F,434
Letha,F,433
Antoinette,F,431
Orpha,F,431
Melissa,F,427
Lyda,F,425
Nola,F,424
Nona,F,423
Pearle,F,417
Bell,F,416
Zora,F,415
Pearlie,F,413
Fay,F,412
Angie,F,410
Lilla,F,408
Artie,F,403
Dolly,F,402
Bonnie,F,401
Annette,F,400
Corinne,F,397
Floy,F,395
Oma,F,394
Sudie,F,393
Kathleen,F,390
Cecile,F,389
Gracie,F,386
Lona,F,381
Vina,F,380
Neva,F,375
Priscilla,F,375
Leota,F,370
William,F,365
Anita,F,365
Lucretia,F,365
Angeline,F,364
Ona,F,362
Alpha,F,361
Velma,F,358
Cleo,F,358
Chloe,F,357
Ila,F,354
Bridget,F,349
Evie,F,348
Dorothea,F,347
Isabell,F,345
Edythe,F,344
Zula,F,341
Dona,F,339
Adah,F,330
George,F,329
Rita,F,325
Mertie,F,325
Veronica,F,324
Johnnie,F,323
Charity,F,323
Ernestine,F,322
Elisabeth,F,322
Nan,F,322
Vesta,F,320
Pansy,F,316
June,F,315
Margret,F,307
Tennie,F,307
Vida,F,307
Molly,F,306
Ellie,F,306
Magdalena,F,306
Eda,F,305
Maybelle,F,304
Adelia,F,303
Melvina,F,298
Faye,F,296
Tena,F,296
Cecil,F,295
Opal,F,294
Elise,F,293
Doris,F,290
Joanna,F,290
Constance,F,290
Leta,F,289
Octavia,F,289
Leora,F,288
Berta,F,286
Savannah,F,285
Georgiana,F,284
Lue,F,283
Helene,F,282
Zoe,F,281
Jimmie,F,280
Ava,F,279
Tina,F,278
Clare,F,277
Antonia,F,276
Mazie,F,272
Susanna,F,272
Vinnie,F,270
Georgianna,F,269
James,F,267
Donna,F,266
Missouri,F,264
Rae,F,262
Ettie,F,261
Belva,F,259
Zelma,F,259
Jannie,F,257
Dena,F,255
Rosella,F,254
Audrey,F,253
Leonora,F,252
Hilma,F,251
Retta,F,249
Una,F,249
Muriel,F,249
Tessie,F,247
Lavina,F,245
Pattie,F,245
Rilla,F,244
Julie,F,244
Pinkie,F,243
Bella,F,242
Eloise,F,242
Almeda,F,242
Kathrine,F,240
Dixie,F,240
Hanna,F,240
Lucia,F,240
Willa,F,239
Lennie,F,234
Clyde,F,233
Iola,F,233
Mellie,F,233
Angela,F,232
Aurelia,F,231
Marietta,F,231
Louie,F,226
Letitia,F,226
Lavinia,F,225
Reba,F,224
Iona,F,224
Liza,F,223
Charles,F,223
Mariah,F,222
Marcella,F,222
Vada,F,222
Harriette,F,221
Eddie,F,220
Kitty,F,220
Golda,F,219
Minna,F,218
Lenore,F,218
Inga,F,216
Besse,F,214
Lilian,F,213
Wilma,F,212
Agatha,F,212
Lenna,F,212
Elmira,F,211
Ludie,F,209
Adda,F,207
Lucie,F,205
Libbie,F,204
Mona,F,204
Odessa,F,204
Clementine,F,203
Idella,F,201
Erna,F,201
Emelia,F,201
Phebe,F,201
Lovie,F,201
Hortense,F,199
Albina,F,194
Patsy,F,193
Cordie,F,193
Queen,F,193
Ray,F,193
Emmie,F,192
Geraldine,F,192
Adella,F,192
Ione,F,189
Angelina,F,188
Docia,F,188
Annabelle,F,187
Marcia,F,187
Vallie,F,186
Vernie,F,186
Aline,F,185
Malissa,F,185
Mathilde,F,183
Florida,F,183
Sena,F,182
Alva,F,182
Myrta,F,182
Eugenie,F,182
Adaline,F,180
Winnifred,F,180
Lutie,F,180
Paula,F,179
Donnie,F,179
Shirley,F,179
Carolina,F,179
Tilda,F,179
Meda,F,178
Lotta,F,178
Avis,F,177
Manda,F,175
Elizebeth,F,175
Zona,F,174
Tommie,F,174
Connie,F,174
Mallie,F,173
Lauretta,F,173
Esta,F,172
Ira,F,172
Jettie,F,169
Luvenia,F,169
Era,F,169
Frank,F,168
Luna,F,168
Jenny,F,167
Alida,F,167
Christena,F,167
Ocie,F,167
Betsy,F,166
Altha,F,165
Corrie,F,164
Sophronia,F,164
Anastasia,F,164
Matie,F,164
Mahala,F,163
Merle,F,163
Beryl,F,163
Corine,F,162
Rosanna,F,162
Cathrine,F,162
Jeanne,F,160
Rowena,F,160
Samantha,F,159
Minta,F,158
Verda,F,158
Clemmie,F,158
Althea,F,156
India,F,154
Easter,F,154
Donie,F,154
Phyllis,F,153
Natalie,F,152
Onie,F,151
Ethyl,F,151
Hedwig,F,151
Henry,F,150
Clarice,F,150
America,F,150
Annetta,F,148
Elda,F,148
Adela,F,147
Magdalene,F,146
Dolores,F,145
Bennie,F,145
Mame,F,144
Rosina,F,144
Wanda,F,143
Alda,F,143
Deborah,F,143
Aimee,F,143
Judith,F,142
Emmer,F,142
Ethelyn,F,142
Carmen,F,141
Ara,F,141
Serena,F,141
Glenna,F,140
Amalia,F,140
Philomena,F,140
Lelah,F,139
Celeste,F,139
Claudie,F,138
Ottilie,F,138
Zola,F,138
Delilah,F,138
Joe,F,137
Maye,F,137
Elinor,F,137
Tressie,F,136
Arrie,F,136
Imogene,F,136
Malvina,F,136
Petra,F,136
Mintie,F,134
Abigail,F,133
Clarissa,F,133
Emilia,F,133
Camilla,F,133
Eleanora,F,133
Emeline,F,132
Prudence,F,132
Loula,F,132
Jewel,F,132
Lonie,F,129
Mettie,F,129
Isa,F,129
Margery,F,129
Melinda,F,129
Theo,F,128
Zetta,F,128
Vena,F,128
Hope,F,128
Annabel,F,127
Leslie,F,126
Camille,F,126
Metta,F,125
Norah,F,125
Lonnie,F,125
Leone,F,125
Nella,F,125
Delphia,F,125
Madie,F,123
Wilda,F,123
Liddie,F,122
Katheryn,F,122
Leatha,F,121
Ursula,F,121
Carol,F,121
Huldah,F,121
Joan,F,121
Kizzie,F,120
Louvenia,F,120
Iris,F,119
Diana,F,118
Kattie,F,118
Kathryne,F,118
Queenie,F,118
Robert,F,118
Rhea,F,117
Etha,F,117
Coral,F,116
Elenora,F,116
Ester,F,115
Evalyn,F,115
Corda,F,114
Sidney,F,114
Oda,F,113
Rachael,F,113
Almira,F,113
Sina,F,112
Juliet,F,112
Joseph,F,112
Tressa,F,112
Zada,F,111
Edyth,F,110
Selina,F,110
Winona,F,109
Cordia,F,109
Daisie,F,109
Hassie,F,108
Frona,F,108
Genie,F,108
Sula,F,108
Evangeline,F,108
Effa,F,107
Viva,F,107
Eleanore,F,107
Theodora,F,107
Paralee,F,106
Veda,F,106
Theresia,F,106
Arminta,F,105
Birtie,F,105
Celestine,F,105
Corrine,F,105
Magnolia,F,105
Lea,F,104
Jewell,F,104
Fred,F,104
Peggy,F,104
Dorcas,F,104
Tempie,F,104
Madeleine,F,104
Amie,F,103
Clora,F,103
Ottie,F,103
Gena,F,102
Selena,F,102
Celina,F,102
Delphine,F,102
Therese,F,102
Arie,F,101
Dell,F,101
Dicie,F,101
Ivah,F,101
Gail,F,101
Nevada,F,100
Bulah,F,100
Annis,F,100
Dessa,F,99
Harry,F,98
Valeria,F,98
Osie,F,98
Margaretta,F,97
Verdie,F,97
Grayce,F,97
Estell,F,96
Gretchen,F,95
Arizona,F,95
Lular,F,95
Nita,F,95
Lissie,F,95
Dottie,F,94
Sabina,F,94
Elvina,F,94
Magdalen,F,94
Jessica,F,94
Eve,F,94
Elisa,F,93
Bernadette,F,93
Albertine,F,93
Leonie,F,93
Maymie,F,93
Jesse,F,92
Arvilla,F,92
Icie,F,92
Juana,F,92
Manie,F,92
Thomas,F,91
Nonie,F,91
Odie,F,91
Leanna,F,90
Felicia,F,89
Monica,F,89
Icy,F,88
Etna,F,88
Josefa,F,88
Guadalupe,F,87
Sybil,F,87
Alvena,F,87
Wilhelmine,F,87
Zoa,F,87
Faith,F,86
Paulina,F,86
Fronie,F,86
Pollie,F,86
Maybell,F,86
Dee,F,86
Thea,F,86
Aurora,F,85
Rosia,F,85
Leda,F,85
Vertie,F,84
Millicent,F,84
Margarita,F,84
Theodosia,F,84
Nanie,F,84
Glennie,F,83
Dinah,F,83
Eulalia,F,83
Sadye,F,83
Charlie,F,83
Drucilla,F,82
Nelia,F,82
Eldora,F,82
Evaline,F,81
Nealie,F,81
Izora,F,81
Eileen,F,81
Mima,F,80
Evelina,F,80
Emelie,F,80
Rosalia,F,80
Osa,F,80
Letta,F,79
Calla,F,79
Salome,F,78
Aura,F,78
Ana,F,78
Dillie,F,78
Clifford,F,78
Georgina,F,78
Elta,F,77
Beth,F,77
Mammie,F,77
Lollie,F,77
Rossie,F,77
Adell,F,77
Zena,F,77
Jossie,F,76
Manuela,F,76
Margarette,F,76
Thelma,F,76
Francisca,F,75
Edmonia,F,75
Juliette,F,75
Doshie,F,74
Fronia,F,74
Elena,F,74
Ottilia,F,74
Zadie,F,74
Cathryn,F,74
Mercedes,F,74
Martina,F,74
Aletha,F,74
Elvie,F,74
Nena,F,73
Lorraine,F,73
Florrie,F,73
Rosemary,F,73
Eulah,F,73
Honora,F,72
Parthenia,F,72
Lovina,F,72
Vergie,F,72
Neta,F,72
Minda,F,72
Edwina,F,72
Alyce,F,71
Electa,F,71
Claude,F,71
Adline,F,71
Helga,F,71
Ossie,F,71
Walter,F,70
Suzanne,F,70
Erie,F,70
Miranda,F,70
Bernadine,F,70
Rella,F,69
Carlotta,F,69
Jeanie,F,69
Jo,F,69
Alicia,F,69
Edward,F,69
Sammie,F,68
Anner,F,68
Christie,F,68
Odelia,F,68
Albertina,F,68
Arlie,F,68
Roma,F,67
Henriette,F,67
Dellar,F,67
Emmaline,F,67
Daisey,F,66
Vella,F,66
Arthur,F,66
Ruthie,F,66
Berdie,F,66
Lorene,F,66
Lelar,F,65
Hessie,F,65
Janette,F,64
Eudora,F,64
Abby,F,64
Roxy,F,64
Ardella,F,64
Aileen,F,63
Louis,F,63
Robbie,F,63
Cara,F,63
Roseanna,F,63
Novella,F,63
Gusta,F,62
Zilpha,F,62
Florine,F,62
Netta,F,62
Zelda,F,62
Fredericka,F,62
Lavada,F,62
Exie,F,62
Florance,F,61
Luetta,F,61
Fairy,F,61
Drusilla,F,61
Evalena,F,61
Bama,F,61
Tinnie,F,61
Loretto,F,61
Bird,F,61
Rosamond,F,61
Leo,F,61
Cammie,F,60
Johnie,F,60
Tennessee,F,60
Rubie,F,60
Josiephine,F,59
Allene,F,59
Olevia,F,59
Eveline,F,59
Patience,F,59
Myrtis,F,59
Aggie,F,58
Patricia,F,58
Elfrieda,F,58
Dove,F,58
Sibyl,F,58
Roxanna,F,58
Golden,F,58
Margarett,F,58
Tiny,F,57
Berenice,F,57
Hetty,F,57
Attie,F,57
Odile,F,56
Dosha,F,56
Zettie,F,56
Glenn,F,56
Ova,F,56
Vannie,F,56
Byrd,F,56
Lella,F,56
Alverta,F,56
Delila,F,56
Dagmar,F,56
Ena,F,56
Omie,F,56
Celestia,F,56
Euphemia,F,56
Flo,F,56
Jemima,F,55
Ramona,F,55
Olie,F,55
Anabel,F,55
Justine,F,55
Bobbie,F,55
Katy,F,54
Freida,F,54
Becky,F,54
Orah,F,54
Albert,F,54
Goldia,F,54
Loraine,F,54
Audie,F,54
Dellie,F,53
Mercy,F,53
Lavenia,F,53
Augustine,F,53
Ferne,F,53
Hellen,F,53
Leontine,F,53
Katharina,F,52
Joy,F,52
Bina,F,52
Jodie,F,52
Beaulah,F,52
Cherry,F,52
Nova,F,52
Lillia,F,52
Delta,F,51
Ressie,F,51
Joyce,F,51
Andrea,F,51
Arminda,F,51
Hermine,F,51
Claribel,F,51
Sarrah,F,50
Nelly,F,50
Reta,F,50
Veva,F,50
Irena,F,50
Sada,F,50
Laurie,F,50
Annabell,F,50
Lulie,F,50
Hermina,F,50
Lera,F,50
Media,F,50
Tabitha,F,50
Will,F,50
Nana,F,49
Margaretha,F,49
Rosy,F,49
Libby,F,49
Yetta,F,49
Karen,F,49
Sabra,F,49
Biddie,F,49
Maxie,F,48
Ozella,F,48
Norine,F,48
Signe,F,48
Macie,F,48
Arabella,F,48
Tracy,F,48
Verona,F,47
Lockie,F,47
Capitola,F,47
Malissie,F,47
Thora,F,47
Vira,F,47
Adelina,F,47
Bula,F,47
Jeffie,F,47
Clarinda,F,47
Eller,F,46
Narcissus,F,46
Avie,F,46
Byrdie,F,46
Doshia,F,46
Luisa,F,46
Louetta,F,46
Nathalie,F,46
Amber,F,46
Ellar,F,46
Ula,F,45
Gwendolyn,F,45
Sofia,F,45
Juliana,F,45
Lota,F,45
Gina,F,45
Eura,F,45
Atha,F,45
Ammie,F,45
Vennie,F,45
Dana,F,45
Albertha,F,45
Maida,F,44
Myrtice,F,44
Trudie,F,44
Texas,F,44
Mannie,F,44
Lala,F,44
Delpha,F,44
Greta,F,44
Marinda,F,44
Leana,F,44
Junie,F,44
Zenobia,F,43
Lanie,F,43
Freddie,F,43
Eleonora,F,43
Zillah,F,43
Margarete,F,43
Thekla,F,43
Cinda,F,43
Mabell,F,43
Laurel,F,42
Victorine,F,42
Zita,F,42
Permelia,F,42
Crystal,F,42
Arline,F,42
Missie,F,42
Philomene,F,42
Savanah,F,41
Jeannie,F,41
Leonore,F,41
Texie,F,41
Rosena,F,41
Judy,F,41
Ota,F,41
Frederica,F,41
Rosey,F,41
Loma,F,41
Jennette,F,41
Helma,F,41
Garnet,F,41
Tishie,F,41
Gay,F,41
Elaine,F,41
Melva,F,40
Dicy,F,40
Gene,F,40
Ardelia,F,40
Pheobe,F,40
Hertha,F,40
Claudine,F,40
Buena,F,40
Caddie,F,39
Johannah,F,39
Elmina,F,39
Isadora,F,39
Dot,F,39
Debbie,F,38
Venie,F,38
Pluma,F,38
Birtha,F,38
Pennie,F,38
Cleora,F,38
Fleta,F,38
Leva,F,38
Flavia,F,38
Gretta,F,38
Ema,F,37
Beula,F,37
Antonette,F,37
Carmela,F,37
Pinkey,F,37
Courtney,F,37
Eulalie,F,37
Carry,F,37
Justina,F,36
Maryann,F,36
Mossie,F,36
Delma,F,36
Lacy,F,36
Indiana,F,36
Susanne,F,36
Angelita,F,36
Tilla,F,36
Myrle,F,36
Montie,F,35
Henretta,F,35
Dulcie,F,35
Villa,F,35
Leonia,F,35
Alba,F,35
Aida,F,35
Billie,F,34
Carl,F,34
Lugenia,F,34
Carra,F,34
Lidie,F,34
Sigrid,F,34
Susannah,F,34
Lilie,F,34
Penelope,F,34
Parlee,F,34
Clotilde,F,34
Mirtie,F,34
Floyd,F,33
Elfie,F,33
Mora,F,33
Orra,F,33
Zelia,F,33
Idell,F,33
Alphonsine,F,33
Betsey,F,33
Classie,F,33
Silvia,F,32
Lilah,F,32
Valerie,F,32
Roy,F,32
Elodie,F,32
Altie,F,32
Texanna,F,32
Littie,F,32
Litha,F,31
Prudie,F,31
Alla,F,31
Sister,F,31
Imo,F,31
Kay,F,31
Beda,F,31
Dossie,F,31
Mozelle,F,31
Gracia,F,31
Christiana,F,31
Monnie,F,31
Dina,F,31
Ebba,F,31
Eugene,F,31
Donia,F,30
Myrna,F,30
Ason,F,30
Retha,F,30
Ima,F,30
Georgeanna,F,30
Emaline,F,30
Naoma,F,30
Marry,F,30
Lilia,F,30
Orlena,F,30
Love,F,30
Buna,F,30
Euna,F,30
Adelle,F,30
Verne,F,30
Edla,F,29
Viney,F,29
Persis,F,29
Lassie,F,29
Marilla,F,29
Rozella,F,29
Vassie,F,29
Cathern,F,29
Etter,F,29
Vicie,F,29
Rosalee,F,29
Gertha,F,29
Susana,F,29
Matilde,F,28
Richard,F,28
Neoma,F,28
Enola,F,28
Nelda,F,28
Zaida,F,28
Hazle,F,28
Filomena,F,28
Lillis,F,28
Thresa,F,28
Letty,F,28
Elenor,F,28
Tula,F,28
Katharyn,F,27
Patty,F,27
Elia,F,27
Mignon,F,27
Elna,F,27
Hildur,F,27
Rettie,F,27
Clella,F,27
Ernest,F,27
Ragna,F,27
Gennie,F,27
Candace,F,27
Celesta,F,27
Linna,F,26
Laverne,F,26
Savilla,F,26
Zelpha,F,26
Amalie,F,26
Lu,F,26
Daphne,F,26
Bert,F,26
Roxana,F,26
Alverda,F,26
Lady,F,26
Lalla,F,26
Enid,F,26
Arlena,F,26
Nadine,F,25
Ninnie,F,25
Octavie,F,25
Caldonia,F,25
Arra,F,25
Clyda,F,24
Pallie,F,24
Siddie,F,24
Shellie,F,24
Rubye,F,24
Hildegarde,F,24
Celie,F,24
Margretta,F,24
Ednah,F,24
Bena,F,24
Levina,F,24
Alfreda,F,24
Mena,F,24
Cloe,F,24
Verlie,F,24
Salina,F,24
Liller,F,24
Ura,F,23
Izetta,F,23
Sylvania,F,23
Marianna,F,23
Cleva,F,23
Jonnie,F,23
Isla,F,23
Mahalie,F,23
Minnette,F,23
Jule,F,22
Anie,F,22
Perle,F,22
Cena,F,22
Audra,F,22
Minervia,F,22
Medora,F,22
Charlotta,F,22
Oral,F,22
Orrie,F,22
Epsie,F,22
Rennie,F,22
Melanie,F,21
Valentine,F,21
Kathern,F,21
Ermine,F,21
Macy,F,21
Roena,F,21
Noma,F,21
Maebelle,F,21
Herma,F,21
Lemma,F,21
Senie,F,21
Vinie,F,21
Marjory,F,21
Bea,F,21
Violetta,F,21
Bee,F,21
Maxine,F,21
Lana,F,21
Santos,F,21
Agusta,F,21
Iza,F,21
Pernie,F,21
Manerva,F,21
Octa,F,20
Oline,F,20
Maie,F,20
Oliva,F,20
Pearly,F,20
Gregoria,F,20
Glen,F,20
Ether,F,20
Vashti,F,20
Ellis,F,20
Vernon,F,20
Adrienne,F,20
Lovey,F,20
David,F,20
Gerda,F,20
Judie,F,20
Manuelita,F,20
Hollie,F,20
Charlottie,F,20
Zana,F,20
Eleonore,F,20
Orilla,F,20
Mahalia,F,20
Margrett,F,19
Anice,F,19
Onnie,F,19
Louisiana,F,19
Virgia,F,19
Gillie,F,19
Willia,F,19
Chaney,F,19
Earlie,F,19
Lannie,F,19
Rene,F,19
Theda,F,19
Ela,F,19
Dorthy,F,19
Rinda,F,19
Zilla,F,18
Nolia,F,18
Vernice,F,18
Forrest,F,18
Rebekah,F,18
Francies,F,18
Beckie,F,18
Jinnie,F,18
Eloisa,F,18
Ivie,F,18
Glendora,F,18
Gunda,F,18
Annice,F,18
Weltha,F,18
Mandie,F,18
Lyla,F,18
Luz,F,18
Carlie,F,18
Nonnie,F,18
Ines,F,18
Sinda,F,18
Portia,F,18
Teckla,F,18
Exa,F,17
Rosalind,F,17
Melina,F,17
Venia,F,17
Cornie,F,17
Mozella,F,17
Lisette,F,17
Amma,F,17
Rutha,F,17
Lorna,F,17
Sidonia,F,17
Fidelia,F,17
Fleda,F,17
Ivory,F,17
Otelia,F,17
Paul,F,17
Channie,F,17
Lurline,F,17
Elmire,F,17
Nezzie,F,17
Venus,F,17
Tinie,F,17
Violette,F,17
Neppie,F,17
Sibbie,F,17
Clarence,F,17
Vernia,F,17
Ruie,F,17
Orie,F,16
Clevie,F,16
Lavonia,F,16
Ralph,F,16
Eathel,F,16
Dean,F,16
Lynda,F,16
Rosabelle,F,16
Dorthea,F,16
Chlora,F,16
Dosia,F,16
Opha,F,16
Carmelita,F,16
Carrye,F,16
Otie,F,16
Mira,F,16
Arletta,F,16
Genoveva,F,16
Alene,F,16
Myrl,F,16
Jess,F,16
Lossie,F,16
Ingeborg,F,16
Fannye,F,16
Dannie,F,16
Tiney,F,16
Dola,F,16
Lucina,F,15
Auda,F,15
Nolie,F,15
Cleta,F,15
Bitha,F,15
Azzie,F,15
Cindy,F,15
Amelie,F,15
Jamie,F,15
Ethie,F,15
Olena,F,15
Lynn,F,15
Alexina,F,15
Nanna,F,15
Elmer,F,15
Chessie,F,15
Milly,F,15
Vara,F,15
Almedia,F,15
Louanna,F,15
Elzie,F,15
Georgine,F,15
Else,F,15
Neola,F,15
Josefina,F,14
Zina,F,14
Sylva,F,14
Lulah,F,14
Ouida,F,14
Pairlee,F,14
Sydney,F,14
Janey,F,14
Cannie,F,14
Orelia,F,14
Clemma,F,14
Mell,F,14
Crete,F,14
Leaner,F,14
Agness,F,14
Arlene,F,14
Pricilla,F,13
Grover,F,13
Emogene,F,13
Arta,F,13
Yvonne,F,13
Vessie,F,13
Ermina,F,13
Earl,F,13
Dale,F,13
Clytie,F,13
Corene,F,13
Carlota,F,13
Emmy,F,13
Inda,F,13
Arkie,F,13
Lexie,F,13
Velva,F,13
Luda,F,13
Unknown,F,13
Alcie,F,13
Margeret,F,13
Ellena,F,13
Howard,F,13
Nicie,F,13
Garnett,F,12
Nealy,F,12
Cary,F,12
Hennie,F,12
Francisquita,F,12
Luberta,F,12
Georgetta,F,12
Olla,F,12
Florene,F,12
Tomasa,F,12
Almeta,F,12
Tura,F,12
Denise,F,12
Peggie,F,12
Maranda,F,12
Eppie,F,12
Percy,F,12
Delfina,F,12
Lidia,F,12
Leonor,F,12
Rafaela,F,12
Blossom,F,12
Araminta,F,12
Alwine,F,12
Dallie,F,12
Sybilla,F,12
Dorathea,F,12
Trinidad,F,12
Refugia,F,12
Cattie,F,12
Launa,F,12
Clarabelle,F,12
Patti,F,12
Mai,F,12
Antha,F,12
Alwina,F,12
Theodocia,F,12
Tom,F,12
Vita,F,12
Sussie,F,12
Lesta,F,12
Ever,F,12
Gustie,F,12
Cyntha,F,11
Evah,F,11
Elba,F,11
Sam,F,11
Christian,F,11
Angele,F,11
Clemie,F,11
Aurore,F,11
Ica,F,11
Olivette,F,11
Marget,F,11
Lorenza,F,11
Allice,F,11
Evelena,F,11
Ivey,F,11
Lester,F,11
Pink,F,11
Creola,F,11
Malissia,F,11
Tisha,F,11
Axie,F,11
Marianne,F,11
Luvina,F,11
Alys,F,11
Ilo,F,11
Elida,F,11
Christene,F,11
Mariam,F,11
Versa,F,11
Essa,F,11
Marybelle,F,11
Jetta,F,11
Elenore,F,11
Lita,F,11
Archie,F,11
Martie,F,11
Senora,F,11
Isadore,F,11
Texana,F,11
Lear,F,11
Malisa,F,11
Hila,F,11
Otha,F,11
Verta,F,11
Pearley,F,11
Penny,F,11
Erin,F,11
Tacy,F,11
Chattie,F,11
Romaine,F,11
Marina,F,11
Thursa,F,11
Elfreda,F,11
Dennie,F,11
Joella,F,11
Thirza,F,11
Mada,F,11
Arah,F,11
Fronnie,F,11
Lupe,F,11
Elberta,F,11
Ilma,F,11
Clemence,F,11
Byrde,F,11
Reva,F,11
Treva,F,10
Parthena,F,10
Loda,F,10
Bettye,F,10
Trannie,F,10
Hedvig,F,10
Delina,F,10
Merta,F,10
Andrew,F,10
Tella,F,10
Minie,F,10
Rittie,F,10
Sedonia,F,10
Belvia,F,10
Elinore,F,10
Alline,F,10
Franc,F,10
Concepcion,F,10
Oscar,F,10
Mattye,F,10
Camelia,F,10
Gaynell,F,10
Ozie,F,10
Mariana,F,10
Floss,F,10
China,F,10
Estie,F,10
Necie,F,10
Coila,F,10
Fleeta,F,10
Ovie,F,10
Medie,F,10
Erla,F,10
Rina,F,10
Olinda,F,10
Jeanetta,F,10
Otillie,F,10
Evia,F,10
Parrie,F,10
Vinia,F,10
Gertude,F,10
Otillia,F,10
Cressie,F,10
Corinna,F,10
Leathie,F,10
Dezzie,F,10
Mida,F,10
Chloie,F,10
Darthula,F,10
Mila,F,10
Almyra,F,10
Vollie,F,10
Inger,F,10
Adina,F,10
Madora,F,10
Clair,F,10
Cordella,F,10
Junia,F,10
Marvel,F,9
Dellia,F,9
Zilpah,F,9
Noemie,F,9
Simona,F,9
Metha,F,8
Zennie,F,8
Zela,F,8
Elgie,F,8
Milda,F,8
Othella,F,7
Rillie,F,7
Allena,F,7
Laverna,F,7
Alzina,F,7
Renee,F,7
Nannette,F,7
Lonia,F,7
Beadie,F,7
Lethia,F,7
Alvie,F,7
Odell,F,7
Vista,F,7
Simmie,F,7
Delcie,F,7
Dassie,F,7
Beatrix,F,7
Leitha,F,7
Wealthy,F,7
Valley,F,7
Ama,F,7
Ary,F,7
Gloria,F,7
Laila,F,7
Aurilla,F,7
Armina,F,7
Berniece,F,7
Adelene,F,7
Elsia,F,7
Ben,F,7
Sallye,F,7
Florie,F,7
Tekla,F,7
Leala,F,7
Betha,F,7
Lurena,F,7
Vonnie,F,7
Edrie,F,7
Bannie,F,7
Hilah,F,7
Lydie,F,7
Jessamine,F,7
Lyle,F,7
Chrissie,F,7
Ader,F,7
Carie,F,7
Cornelius,F,7
Kathyrn,F,7
Olivine,F,7
Lattie,F,7
Josefita,F,7
Sweetie,F,7
Lucindy,F,7
Hildegard,F,6
Bah,F,6
Veta,F,6
Dorotha,F,6
Antionette,F,6
Eola,F,6
Luta,F,6
Olar,F,6
Fae,F,6
Deliah,F,6
Catarina,F,6
Girtie,F,6
Elizbeth,F,6
Ludia,F,6
Earle,F,6
Honor,F,6
Tess,F,6
Lorinda,F,6
Lurana,F,6
Marge,F,6
Georganna,F,6
Pelagia,F,6
Mahaley,F,6
Tony,F,6
Lummie,F,6
Mata,F,6
Ruey,F,6
Arley,F,6
Elvera,F,6
Tresa,F,6
Alvira,F,6
Editha,F,6
Mella,F,6
Malena,F,6
Peter,F,6
Adra,F,6
Delora,F,6
Blandina,F,6
Albena,F,6
Cenie,F,6
Carey,F,6
Almina,F,6
Dema,F,6
Lilliam,F,6
Leland,F,6
Levie,F,6
Candis,F,6
Scottie,F,6
Allean,F,6
Gustava,F,6
Earnestine,F,6
Jessye,F,6
Dorris,F,6
Perry,F,6
Telitha,F,6
Clothilde,F,6
Oney,F,6
Pearla,F,6
Loney,F,6
Madgie,F,6
Van,F,6
Cherrie,F,6
Margrete,F,6
Alwilda,F,6
Saphronia,F,6
Nicy,F,6
Georgene,F,6
Luvada,F,6
Wilhemina,F,6
Josepha,F,6
Lisa,F,6
Lucetta,F,6
Thressa,F,6
Estefana,F,6
Elvia,F,6
Raye,F,6
Crissie,F,6
Vicy,F,6
Cleopatra,F,6
Vela,F,6
Honorine,F,6
Bonita,F,6
Rosebud,F,6
Lolla,F,6
Columbia,F,6
Phillis,F,6
Opie,F,5
Dela,F,5
Arnie,F,5
Elouise,F,5
Roxa,F,5
Clotilda,F,5
Christy,F,5
Lovella,F,5
Rosita,F,5
Lorine,F,5
Robina,F,5
Terese,F,5
Leannah,F,5
Sinnie,F,5
Otta,F,5
Melda,F,5
Virdie,F,5
Jim,F,5
Jerusha,F,5
Narcissa,F,5
Affie,F,5
Virda,F,5
Saddie,F,5
Ardell,F,5
Nanny,F,5
Trella,F,5
Omah,F,5
Zulema,F,5
Virgil,F,5
Pleasant,F,5
Georgette,F,5
Armenia,F,5
Sannie,F,5
Ala,F,5
Charlene,F,5
Bernardine,F,5
Amey,F,5
Nollie,F,5
Zaidee,F,5
Fredonia,F,5
Etelka,F,5
Lalia,F,5
Otis,F,5
Palma,F,5
Maryetta,F,5
Birda,F,5
Dortha,F,5
Teressa,F,5
Lelie,F,5
Reine,F,5
Azilda,F,5
Sarepta,F,5
Doretta,F,5
Artelia,F,5
Florentine,F,5
Petronila,F,5
Icey,F,5
Birdia,F,5
Appolonia,F,5
Levy,F,5
Fan,F,5
Temple,F,5
Emmeline,F,5
Bamma,F,5
Emer,F,5
Carmelite,F,5
Barbra,F,5
Argie,F,5
Zuma,F,5
Ottillie,F,5
Daisye,F,5
Minne,F,5
Rissie,F,5
Paulita,F,5
Apolonia,F,5
Corina,F,5
Rebeca,F,5
Felicita,F,5
Birdella,F,5
Arla,F,5
Nelva,F,5
Maidie,F,5
Arvie,F,5
Enna,F,5
Neita,F,5
Nancie,F,5
Willis,F,5
Dawn,F,5
Genia,F,5
Auguste,F,5
Rosana,F,5
Saloma,F,5
Luverna,F,5
Zeta,F,5
Delima,F,5
Caro,F,5
Manervia,F,5
Willena,F,5
Azelie,F,5
Mrytle,F,5
Gratia,F,5
Adalene,F,5
Magda,F,5
Reita,F,5
Ermie,F,5
Klara,F,5
Cliffie,F,5
Mag,F,5
Thecla,F,5
Evalina,F,5
Clementina,F,5
Pinky,F,5
Lindy,F,5
Aleda,F,5
Edie,F,5
Nattie,F,5
Edgar,F,5
Cleda,F,5
Spicy,F,5
Aileene,F,5
Maybel,F,5
Stasia,F,5
Coletta,F,5
Adel,F,5
Francina,F,5
Neda,F,5
Damie,F,5
Zepha,F,5
Mariette,F,5
Parilee,F,5
Modena,F,5
Marianita,F,5
Lacey,F,5
Massie,F,5
Woodie,F,5
Hazelle,F,5
Melvia,F,5
Idalia,F,5
Katherina,F,5
Missouria,F,5
Timmie,F,5
Earline,F,5
Luanna,F,5
Felicie,F,5
Signa,F,5
Murl,F,5
Alease,F,5
Arvella,F,5
Armilda,F,5
Margarite,F,5
Aquilla,F,5
Leafy,F,5
Murtie,F,5
Renna,F,5
Lizette,F,5
Thalia,F,5
Aubrey,F,5
Vienna,F,5
Miley,F,5
Carolyne,F,5
Eupha,F,5
Nelie,F,5
Thula,F,5
Loyola,F,5
Joanne,F,5
Laney,F,5
Augustina,F,5
Domitila,F,5
Zilphia,F,5
Zonie,F,5
Darcus,F,5
Julius,F,5
Zelphia,F,5
Felicitas,F,5
Eltha,F,5
Annye,F,5
Varina,F,5
Theressa,F,5
Tera,F,5
Lanora,F,5
Cappie,F,5
Belinda,F,5
Austa,F,5
Lousia,F,5
Oneida,F,5
Maryjane,F,5
Luvena,F,5
Wren,F,5
Brooksie,F,5
Genevra,F,5
Beuna,F,5
Brittie,F,5
Alga,F,5
Arda,F,5
Concetta,F,5
Ferol,F,5
Hildred,F,5
Mimie,F,5
Vivia,F,5
Arena,F,5
Laure,F,5
Floride,F,5
Corrinne,F,5
Lara,F,5
Burnie,F,5
Chloa,F,5
Hilaria,F,5
Salena,F,5
Clem,F,5
Deetta,F,5
Henryetta,F,5
Tonie,F,5
Bertina,F,5
Petronella,F,5
Adriana,F,5
Jeane,F,5
Anaise,F,5
Carmel,F,5
Buelah,F,5
Delsie,F,5
Docie,F,5
Arilla,F,5
Lumina,F,5
Tishia,F,5
Annah,F,5
Hermie,F,5
Hasel,F,5
Philena,F,5
Evelyne,F,5
Madaline,F,5
Flonnie,F,5
Magdelena,F,5
Everlena,F,5
Wessie,F,5
Litta,F,5
Lova,F,5
Phila,F,5
Echo,F,5
Theckla,F,5
Clorinda,F,5
Hermena,F,5
Pearline,F,5
Hala,F,5
Neely,F,5
Jack,F,5
Lulla,F,5
Ozzie,F,5
Rilda,F,5
Marta,F,5
Rosabel,F,5
Martin,F,5
Lille,F,5
Adelaida,F,5
Tacie,F,5
Perlie,F,5
Mamye,F,5
Ernie,F,5
Ebbie,F,5
Vivien,F,5
Corean,F,5
Notie,F,5
Cilla,F,5
Laurena,F,5
Lovisa,F,5
Ibbie,F,5
Elzora,F,5
Dave,F,5
Hanora,F,5
Anis,F,5
Elzina,F,5
Ledia,F,5
Isola,F,5
Pantha,F,5
Margueritte,F,5
Elza,F,5
Ethlyn,F,5
Kathrina,F,5
Quinnie,F,5
Benita,F,5
Cecille,F,5
Oleta,F,5
Reka,F,5
John,M,89951
William,M,84881
James,M,54058
George,M,47651
Charles,M,46657
Frank,M,30967
Joseph,M,26293
Henry,M,24139
Robert,M,24077
Thomas,M,23750
Edward,M,23133
Harry,M,22649
Walter,M,18186
Arthur,M,16180
Fred,M,15602
Albert,M,14374
Samuel,M,9129
Clarence,M,8760
Louis,M,8275
David,M,7570
Joe,M,7097
Charlie,M,7091
Richard,M,7010
Ernest,M,6700
Roy,M,6565
Will,M,6196
Andrew,M,6053
Jesse,M,6003
Oscar,M,5982
Willie,M,5906
Daniel,M,5680
Benjamin,M,5407
Carl,M,5227
Sam,M,5069
Alfred,M,4837
Earl,M,4830
Peter,M,4656
Elmer,M,4627
Frederick,M,4603
Howard,M,4349
Lewis,M,4342
Ralph,M,4269
Herbert,M,4257
Paul,M,4197
Lee,M,3945
Tom,M,3786
Herman,M,3689
Martin,M,3595
Jacob,M,3566
Michael,M,3559
Jim,M,3520
Claude,M,3504
Ben,M,3449
Eugene,M,3430
Francis,M,3244
Grover,M,3184
Raymond,M,3134
Harvey,M,3123
Clyde,M,3034
Edwin,M,3011
Edgar,M,3006
Ed,M,2957
Lawrence,M,2920
Bert,M,2808
Chester,M,2700
Jack,M,2685
Otto,M,2679
Luther,M,2619
Charley,M,2550
Guy,M,2489
Floyd,M,2476
Ira,M,2379
Ray,M,2371
Hugh,M,2356
Isaac,M,2311
Oliver,M,2287
Patrick,M,2285
Homer,M,2213
Theodore,M,2176
Leonard,M,2145
Leo,M,2098
Alexander,M,2081
August,M,2012
Harold,M,2001
Allen,M,1998
Jessie,M,1843
Archie,M,1816
Philip,M,1740
Stephen,M,1684
Horace,M,1650
Marion,M,1624
Bernard,M,1616
Anthony,M,1611
Julius,M,1605
Warren,M,1580
Leroy,M,1574
Clifford,M,1552
Eddie,M,1526
Sidney,M,1505
Milton,M,1479
Leon,M,1475
Alex,M,1451
Lester,M,1440
Emil,M,1434
Dan,M,1402
Willis,M,1388
Everett,M,1374
Dave,M,1339
Leslie,M,1292
Rufus,M,1283
Alvin,M,1256
Perry,M,1255
Lloyd,M,1254
Victor,M,1242
Calvin,M,1236
Harrison,M,1235
Norman,M,1235
Wesley,M,1186
Jess,M,1182
Percy,M,1166
Amos,M,1161
Dennis,M,1107
Jerry,M,1106
Nathan,M,1106
Franklin,M,1098
Alonzo,M,1088
Matthew,M,1068
Mack,M,1062
Earnest,M,1043
Gus,M,1029
Russell,M,1023
Adam,M,1020
Jay,M,1016
Wallace,M,1009
Otis,M,1006
Stanley,M,997
Adolph,M,994
Jake,M,972
Roscoe,M,969
Maurice,M,961
Melvin,M,960
Gilbert,M,957
Ross,M,951
Willard,M,939
Mark,M,928
Levi,M,927
Wilbur,M,914
Jose,M,911
Cornelius,M,911
Aaron,M,910
Elbert,M,905
Emmett,M,901
Phillip,M,898
Morris,M,895
Noah,M,895
Claud,M,881
Clinton,M,867
Felix,M,863
Moses,M,859
Elijah,M,856
Nelson,M,849
Simon,M,841
Lonnie,M,832
Virgil,M,827
Hiram,M,825
Jasper,M,820
Marshall,M,804
Manuel,M,802
Sylvester,M,796
Fredrick,M,783
Mike,M,779
Abraham,M,776
Silas,M,775
Irvin,M,770
Max,M,765
Owen,M,758
Christopher,M,752
Reuben,M,742
Glenn,M,731
Nicholas,M,730
Ellis,M,728
Marvin,M,726
Wiley,M,726
Eli,M,721
Edmund,M,708
Ollie,M,706
Cecil,M,705
Cleveland,M,702
Curtis,M,695
Timothy,M,693
Jeff,M,685
Harley,M,685
Anton,M,674
Alva,M,663
Wilson,M,660
Irving,M,654
Clayton,M,653
Rudolph,M,652
Vernon,M,636
Hubert,M,634
Ora,M,620
Mose,M,618
Steve,M,618
Sherman,M,615
Orville,M,615
Monroe,M,614
Austin,M,609
Pearl,M,604
Bill,M,600
Pete,M,590
Augustus,M,587
Dock,M,583
Garfield,M,575
Johnnie,M,572
Bob,M,570
Millard,M,561
Nathaniel,M,551
Donald,M,548
Edd,M,541
Newton,M,538
Barney,M,535
Asa,M,532
Ike,M,528
Andy,M,528
Juan,M,526
Wade,M,523
Clark,M,513
Columbus,M,513
Chris,M,503
Bruce,M,499
Gordon,M,499
Byron,M,498
Joel,M,497
Lon,M,491
Christian,M,486
Solomon,M,486
Vincent,M,485
Scott,M,484
Mathew,M,474
Gustave,M,472
Joshua,M,465
Grant,M,459
Preston,M,458
Riley,M,458
Clifton,M,456
Don,M,454
Elias,M,450
Emery,M,449
Bennie,M,448
Roland,M,444
Abe,M,443
Luke,M,442
Cyrus,M,441
Julian,M,440
Glen,M,437
Winfield,M,430
Anderson,M,430
Edmond,M,429
Jerome,M,426
Marcus,M,424
Emanuel,M,419
Karl,M,419
Miles,M,418
Forrest,M,416
Conrad,M,415
Arch,M,415
Ervin,M,411
Arnold,M,404
Enoch,M,404
Tony,M,401
Bud,M,401
Lemuel,M,400
Chas,M,395
Louie,M,394
Nick,M,394
Delbert,M,383
Ferdinand,M,383
Major,M,378
Jeremiah,M,373
Emory,M,372
Jackson,M,371
Matt,M,368
Kenneth,M,363
Mary,M,362
Neal,M,361
Ezra,M,356
Van,M,356
Jefferson,M,355
Burton,M,348
Ambrose,M,344
Roger,M,343
Elisha,M,336
Earle,M,335
Douglas,M,334
Lucius,M,327
Gustav,M,325
Green,M,324
Antonio,M,320
Spencer,M,313
Boyd,M,311
Ole,M,310
Lorenzo,M,308
Wilfred,M,308
Isaiah,M,304
Laurence,M,303
Ruben,M,299
Clem,M,298
Forest,M,298
Mitchell,M,298
Lyman,M,297
Benjiman,M,296
Cleve,M,295
Ward,M,294
Ivan,M,292
Carroll,M,290
General,M,290
Fletcher,M,285
Ned,M,285
Myron,M,284
Wayne,M,283
Hugo,M,277
Burt,M,277
Taylor,M,276
Dee,M,276
Elwood,M,275
Porter,M,274
Royal,M,274
Jimmie,M,273
Lynn,M,272
Dudley,M,270
Omer,M,270
Seth,M,270
Johnie,M,269
Logan,M,267
Napoleon,M,267
Freeman,M,267
Walker,M,266
Abner,M,264
Dewitt,M,263
Archibald,M,260
Jonas,M,258
Wilbert,M,256
Hans,M,253
Chauncey,M,253
Morgan,M,252
Sanford,M,252
Isiah,M,251
Dick,M,246
Clay,M,245
Vern,M,244
Clement,M,242
Ulysses,M,241
Foster,M,241
Allie,M,239
Pedro,M,237
Emmet,M,237
Josh,M,234
Berry,M,234
Dallas,M,234
Emile,M,233
Judson,M,230
Loren,M,230
King,M,229
Abram,M,228
Allan,M,228
Gerald,M,223
Pink,M,223
Irwin,M,223
Zack,M,222
Pat,M,220
Milo,M,219
Granville,M,219
Lucian,M,219
Madison,M,218
Neil,M,218
Gust,M,218
Erwin,M,217
Washington,M,215
Francisco,M,215
Otho,M,214
Frederic,M,213
Stewart,M,213
Lafayette,M,210
Nels,M,210
Malcolm,M,209
Al,M,209
Carlos,M,209
Loyd,M,208
Merle,M,207
Murray,M,203
Israel,M,202
Leland,M,202
Judge,M,201
Harmon,M,200
Sim,M,200
Elliott,M,197
Johnny,M,194
Josiah,M,193
Casper,M,193
Randolph,M,193
Jonathan,M,192
Evan,M,192
Alton,M,191
Morton,M,191
Sandy,M,191
Hardy,M,191
Carlton,M,190
Jason,M,190
Adolphus,M,189
Wilber,M,189
Harris,M,187
Dwight,M,185
Emerson,M,185
Elza,M,184
Wash,M,183
Isom,M,183
Rex,M,183
Caleb,M,182
Tommie,M,181
Smith,M,181
Christ,M,181
Prince,M,180
Steven,M,178
Alphonse,M,178
Aubrey,M,178
Hal,M,178
Lem,M,176
Ellsworth,M,176
Lige,M,175
Wm,M,175
Blaine,M,175
Clint,M,174
Thurman,M,173
Fay,M,173
Junius,M,173
Oren,M,172
Sol,M,171
Addison,M,170
Wilford,M,170
Phil,M,169
Leander,M,168
Raleigh,M,168
Sterling,M,168
Warner,M,168
Rollie,M,167
Fritz,M,165
Noble,M,164
Bertram,M,164
Wilmer,M,163
Ramon,M,163
Axel,M,163
Houston,M,162
Enos,M,162
Lawson,M,161
Anna,M,160
Henderson,M,160
Merton,M,158
Jordan,M,158
Rolla,M,158
Clair,M,156
Valentine,M,155
Hosea,M,155
Angus,M,155
Truman,M,155
Mason,M,154
Arther,M,154
Turner,M,153
Orin,M,153
Simeon,M,153
Giles,M,153
Tomas,M,152
Burl,M,152
Jean,M,152
Olin,M,152
Davis,M,152
Larry,M,150
Herschel,M,150
Olaf,M,149
Webster,M,148
Hamilton,M,148
Adrian,M,148
Gabriel,M,147
Early,M,147
Coleman,M,147
Elvin,M,146
Ezekiel,M,144
Carey,M,144
Stuart,M,144
Ted,M,143
Lucious,M,142
Orrin,M,142
Micheal,M,142
Jules,M,141
Orval,M,141
Harve,M,141
Adelbert,M,140
Wilburn,M,139
Duncan,M,139
Tim,M,139
Alford,M,139
Dorsey,M,139
Troy,M,139
Frances,M,139
Mathias,M,139
Issac,M,137
Sydney,M,137
Orlando,M,137
Elmo,M,135
Waldo,M,134
Garland,M,133
Dean,M,133
Jesus,M,133
Pierce,M,133
Avery,M,132
Alvah,M,132
Cliff,M,132
Reginald,M,131
Geo,M,129
Gene,M,129
Bennett,M,129
Elton,M,129
Minor,M,129
Lonzo,M,128
Guss,M,128
West,M,128
Haywood,M,128
Lucien,M,128
Garrett,M,128
Cary,M,127
Ephraim,M,127
Lew,M,127
Thornton,M,127
Lyle,M,126
Johnson,M,126
Elzie,M,125
Benton,M,125
Henery,M,124
Basil,M,124
Omar,M,124
Billie,M,123
Dell,M,123
Wyatt,M,123
Cicero,M,122
Eric,M,122
Shirley,M,122
Merritt,M,121
Dale,M,121
Tobe,M,121
Doc,M,121
Norris,M,120
Buck,M,120
Kelly,M,119
Aloysius,M,119
Lou,M,119
Perley,M,118
Benjamine,M,118
Ernst,M,117
Elmore,M,117
Florence,M,116
Wylie,M,115
Shelby,M,115
Mat,M,115
Benjaman,M,115
Ransom,M,115
Verne,M,115
Albin,M,114
Crawford,M,114
Rollin,M,113
Parker,M,112
Rodney,M,112
Rolland,M,112
Evert,M,111
Emmitt,M,111
Merrill,M,111
Luis,M,111
Thaddeus,M,111
Melville,M,110
Bryant,M,109
Lindsey,M,109
Hezekiah,M,108
Emma,M,108
Nat,M,108
Pierre,M,108
Abel,M,107
Clarance,M,107
Rupert,M,107
Elizabeth,M,107
Beverly,M,107
Harlan,M,106
Colonel,M,105
Watson,M,105
Lum,M,105
Cal,M,104
Seymour,M,104
Bertie,M,103
Young,M,103
Buster,M,103
Thad,M,102
Price,M,102
Erastus,M,102
Miller,M,102
Fate,M,101
Oswald,M,101
Williams,M,101
Mont,M,101
Willam,M,101
Lenard,M,100
Winfred,M,100
Aron,M,100
Newt,M,100
Carter,M,100
Mortimer,M,99
Alonza,M,99
Zeb,M,99
Hamp,M,99
Art,M,98
Sid,M,98
Pleasant,M,98
Terry,M,98
Richmond,M,98
Finis,M,98
Lacy,M,97
Cloyd,M,97
Bart,M,97
Alma,M,97
Palmer,M,96
Mahlon,M,95
Pablo,M,95
Barton,M,95
Hector,M,95
June,M,95
Noel,M,95
Artie,M,94
Tommy,M,94
Hollis,M,94
Margaret,M,94
Lincoln,M,94
Tracy,M,94
Arlie,M,94
Milford,M,93
Theo,M,93
Minnie,M,93
Isadore,M,93
Howell,M,93
Bishop,M,93
Odie,M,93
Larkin,M,92
Len,M,91
Marcellus,M,91
Vance,M,91
Alpha,M,90
Clare,M,90
Dana,M,90
Randall,M,89
Carson,M,89
Alvie,M,88
Baxter,M,88
Bertha,M,88
Antone,M,87
Ivy,M,87
Egbert,M,87
Bartholomew,M,87
Augustine,M,87
Saul,M,87
Squire,M,87
Mervin,M,87
Dillard,M,86
Rube,M,86
Finley,M,86
Eldridge,M,85
Alois,M,84
Butler,M,84
Godfrey,M,84
Alf,M,84
Jones,M,84
Evans,M,84
Hunter,M,84
Wendell,M,83
Miguel,M,83
Freddie,M,83
Elie,M,83
Dolphus,M,83
Clara,M,83
Rush,M,82
Burley,M,82
Toney,M,82
Cassius,M,82
Ford,M,82
Vivian,M,82
Denis,M,81
Levy,M,81
Gideon,M,81
Cornelious,M,81
Willian,M,81
Reese,M,81
Walton,M,80
Ashley,M,80
Connie,M,80
Lowell,M,80
Annie,M,79
Jonah,M,79
Burr,M,79
Bailey,M,78
Almon,M,78
Rubin,M,78
Santiago,M,77
Andres,M,77
Alden,M,77
Sanders,M,77
Sumner,M,77
Hampton,M,77
Wellington,M,77
Roman,M,76
Orange,M,76
Eben,M,76
Anson,M,76
Oran,M,76
Travis,M,76
Sampson,M,76
Reed,M,76
Angelo,M,75
Dexter,M,75
Ida,M,75
Pleas,M,75
Tillman,M,74
Brown,M,74
Obie,M,74
Heber,M,74
Webb,M,74
Lionel,M,73
Hilliard,M,73
Wheeler,M,73
Russel,M,73
Otha,M,73
Ethel,M,73
Bernie,M,72
Quincy,M,72
Maxwell,M,72
Llewellyn,M,72
Lonie,M,71
Drew,M,71
Manley,M,71
Urban,M,70
Ephriam,M,70
Pinkney,M,70
Ernie,M,70
Allison,M,70
Maynard,M,69
Buford,M,69
Rich,M,68
Wong,M,68
Hallie,M,68
Ludwig,M,67
Hayes,M,67
Ivory,M,67
Wilton,M,66
Chin,M,66
Alec,M,66
Gustaf,M,66
Jule,M,65
Nellie,M,65
Berton,M,65
Isham,M,65
Doctor,M,65
Rafael,M,65
Orson,M,65
Asbury,M,65
Addie,M,65
Orie,M,64
Paris,M,64
Ronald,M,64
Ocie,M,64
Billy,M,63
Theron,M,63
Newell,M,62
Ennis,M,62
Wright,M,62
Lindsay,M,62
Everette,M,62
Bruno,M,62
Delmar,M,62
Cyril,M,62
Auther,M,61
Byrd,M,61
Graham,M,61
Marshal,M,61
Woodie,M,61
Archer,M,61
Shelton,M,61
Reece,M,61
Linwood,M,61
Ferd,M,61
Eldon,M,60
Roderick,M,60
Ballard,M,60
Brady,M,60
Birt,M,60
Coy,M,59
Gabe,M,59
Bee,M,59
Fayette,M,59
Samual,M,58
Malachi,M,58
Rose,M,58
Okey,M,58
Bessie,M,58
Solon,M,58
Hyrum,M,57
Rowland,M,57
Percival,M,57
Lambert,M,57
Gerhard,M,56
Alice,M,56
Ace,M,56
Golden,M,56
Kirby,M,56
Alcide,M,55
Olen,M,55
Ottis,M,55
Park,M,55
Press,M,55
Justin,M,55
Lafe,M,54
Alphonso,M,54
Gary,M,54
Danial,M,54
Fernando,M,53
Brooks,M,53
Dora,M,53
Benny,M,53
Hoyt,M,53
Gaston,M,53
Bertrand,M,53
Soloman,M,53
Oral,M,53
May,M,52
Vernie,M,52
Verner,M,52
Cleo,M,52
Orley,M,52
Eber,M,52
Armand,M,52
Harper,M,52
Hollie,M,52
Bernhard,M,51
Alan,M,51
Furman,M,51
Ples,M,51
Louise,M,51
Helmer,M,51
Love,M,51
Unknown,M,51
Dennie,M,51
Sammie,M,50
Hermon,M,50
Horatio,M,50
Rene,M,50
Humphrey,M,50
Edith,M,49
Bedford,M,49
Grace,M,49
Grady,M,49
Melton,M,49
Author,M,49
Cora,M,49
Carrie,M,49
Alpheus,M,48
Curt,M,48
Bascom,M,48
Maude,M,48
Mart,M,47
Junious,M,47
Mannie,M,47
Emmit,M,47
Hershel,M,47
Octave,M,47
Jodie,M,47
Martha,M,47
Theadore,M,47
Edson,M,47
Garnett,M,46
Jarvis,M,46
Ebb,M,46
Julious,M,46
Edna,M,46
Alvis,M,46
Colin,M,46
Chesley,M,46
Manford,M,46
Ola,M,46
Watt,M,45
Worth,M,45
Felipe,M,45
Elder,M,45
Rollo,M,45
Mac,M,45
Dayton,M,45
Dominick,M,45
Leopold,M,44
Elige,M,44
Algie,M,44
Arvid,M,44
Bird,M,44
Alfonso,M,43
Thos,M,43
Blair,M,43
Winston,M,42
Antoine,M,42
Bonnie,M,42
Carleton,M,42
Ely,M,42
Arlington,M,42
Ruby,M,42
Meyer,M,42
Bradley,M,42
Dempsey,M,42
Rome,M,41
Elwin,M,41
Wilhelm,M,41
Lennie,M,41
Lucas,M,41
Myrtle,M,41
Ossie,M,41
Ellie,M,40
Kirk,M,40
Volney,M,40
Boss,M,40
Vicente,M,40
Collins,M,40
Fleming,M,40
Lillie,M,40
Roswell,M,39
Lemon,M,39
Whit,M,39
Benedict,M,39
Gardner,M,39
Hosteen,M,39
Isidore,M,39
Gregory,M,39
Dolph,M,39
Manning,M,39
Joesph,M,39
Doss,M,39
Orrie,M,39
Julia,M,38
Callie,M,38
Lillian,M,38
Weldon,M,38
Commodore,M,38
Orla,M,38
Joeseph,M,38
Tobias,M,38
Loy,M,38
Mitchel,M,37
Simpson,M,37
Eliga,M,37
Burrell,M,37
Justus,M,37
Rice,M,37
Sheldon,M,36
Hurley,M,36
Gottlieb,M,36
Nora,M,36
Huston,M,36
Ewell,M,35
Landon,M,35
Duke,M,35
Josephus,M,35
Rosco,M,35
Roe,M,35
Griffin,M,35
Norbert,M,35
French,M,35
Lawyer,M,35
Essie,M,35
Orion,M,34
Brice,M,34
Harvy,M,34
Hudson,M,34
Sebastian,M,34
Budd,M,34
Asberry,M,33
Handy,M,33
Creed,M,33
Ewald,M,33
Leigh,M,33
Lamar,M,33
Reinhold,M,33
Stanton,M,33
Linton,M,33
Vester,M,33
Albion,M,32
Lorenza,M,32
Hubbard,M,32
Gertrude,M,32
Mattie,M,32
Odis,M,32
Hazel,M,32
Newman,M,32
Fredric,M,32
Ignatius,M,32
Ammon,M,32
Osborne,M,31
Linus,M,31
Dow,M,31
Helen,M,31
Rutherford,M,31
Elroy,M,31
Marian,M,31
Sarah,M,31
Asher,M,31
Ella,M,31
Nolan,M,31
Stonewall,M,31
Mabel,M,31
Eligah,M,30
Chalmer,M,30
Guadalupe,M,30
Murphy,M,30
Olie,M,30
Courtney,M,30
Wirt,M,30
Delos,M,30
Adolf,M,30
Sullivan,M,30
Ethan,M,30
Woodson,M,30
Nickolas,M,30
Cooper,M,30
Cameron,M,30
Titus,M,29
Odell,M,29
Isreal,M,29
Ewing,M,29
Kelley,M,29
Elsie,M,29
Starling,M,29
Theophile,M,29
Moody,M,29
Waverly,M,29
Hervey,M,29
Hardin,M,29
Gregorio,M,28
Miner,M,28
Irven,M,28
Uriah,M,28
Jewel,M,28
Montgomery,M,28
Irl,M,28
Harlow,M,28
Ashby,M,28
Hayden,M,28
Shade,M,28
Ada,M,28
Rogers,M,28
Norton,M,28
Raphael,M,28
Enrique,M,28
Barry,M,28
Elam,M,28
Stacy,M,27
Tolbert,M,27
Elihu,M,27
Malcom,M,27
Authur,M,27
Elsworth,M,27
Domingo,M,27
Wood,M,27
Woody,M,27
Laura,M,27
Garry,M,27
Festus,M,26
Huey,M,26
Talmage,M,26
Son,M,26
Burnett,M,26
Elliot,M,26
Dawson,M,26
Hillard,M,26
Effie,M,26
Nicolas,M,26
Hermann,M,26
Lue,M,26
Gail,M,26
Elvis,M,25
Aleck,M,25
Erick,M,25
Dalton,M,25
Chancy,M,25
Terrence,M,25
Flem,M,25
Gaylord,M,25
Dewey,M,25
Collie,M,25
Tollie,M,25
Spurgeon,M,25
Schuyler,M,25
Caesar,M,25
Michel,M,24
Ivey,M,24
Norval,M,24
Almer,M,24
Jimmy,M,24
Benjamen,M,24
Tyler,M,24
Gee,M,24
Elbridge,M,24
Iva,M,24
Harland,M,24
Yee,M,23
Rudy,M,23
Orlo,M,23
Ansel,M,23
Benson,M,23
Hilton,M,23
Ellwood,M,23
Terence,M,23
York,M,23
Emilio,M,23
Gustavus,M,23
Junior,M,23
Erie,M,23
Darwin,M,23
Zeke,M,23
Sylvanus,M,23
Loran,M,23
Delmer,M,23
Daisy,M,23
Wes,M,23
Matthias,M,23
Robin,M,22
Oakley,M,22
Alphonsus,M,22
Jewell,M,22
Leonidas,M,22
Darius,M,22
Gussie,M,22
Alto,M,22
Elva,M,22
Hardie,M,22
Lars,M,22
Harvie,M,21
Ab,M,21
Hayward,M,21
Maud,M,21
Hosie,M,21
Jennie,M,21
Parley,M,21
Bartley,M,21
Glover,M,21
Marie,M,21
Ottie,M,21
Jens,M,21
Ignacio,M,21
Almond,M,21
Mills,M,20
Laverne,M,20
Seaborn,M,20
Bradford,M,20
Ruffus,M,20
Hilary,M,20
Arley,M,20
Vander,M,20
Cullen,M,20
Theophilus,M,20
Fitzhugh,M,20
Cap,M,20
Shelly,M,20
Campbell,M,20
Alberto,M,19
Holly,M,19
Todd,M,19
Oda,M,19
Zollie,M,19
Virgle,M,19
Burney,M,19
Fannie,M,19
Blake,M,19
Adelard,M,19
Adolfo,M,19
Bernice,M,19
Clemens,M,19
Curley,M,19
Hyman,M,19
Gay,M,19
Ellison,M,19
Kyle,M,19
Harman,M,19
Henri,M,19
Dixie,M,18
Alger,M,18
Tilden,M,18
Purl,M,18
Eldred,M,18
Augusta,M,18
Stafford,M,18
Myles,M,18
Emit,M,18
Isidor,M,18
Catherine,M,18
Denver,M,18
Wayland,M,18
Cody,M,18
Cash,M,18
Davie,M,18
Donnie,M,18
Weaver,M,18
Roby,M,18
Math,M,18
Lorenz,M,18
Gray,M,17
Cleave,M,17
Hattie,M,17
Craig,M,17
Leonce,M,17
Josephine,M,17
Coley,M,17
Iver,M,17
Winnie,M,17
Augustin,M,17
Claus,M,17
Norwood,M,17
Pearley,M,17
Presley,M,17
Knute,M,17
Beecher,M,17
Whitney,M,17
Alvia,M,17
Ebbie,M,17
Orren,M,17
Steward,M,17
Clarke,M,16
Jessee,M,16
Conley,M,16
Toy,M,16
Cleon,M,16
Ancel,M,16
Booker,M,16
Osborn,M,16
Harrie,M,16
Fulton,M,16
Obe,M,16
Gale,M,16
Fern,M,16
Shepherd,M,16
Wells,M,16
Erasmus,M,16
Dominic,M,16
Alvy,M,16
Gilford,M,15
Lazarus,M,15
Epifanio,M,15
Worley,M,15
Chancey,M,15
Merl,M,15
Page,M,15
Little,M,15
Boston,M,15
Chalmers,M,15
Essex,M,15
Elden,M,15
Lisle,M,15
Less,M,15
Linzy,M,15
Monte,M,15
Philo,M,15
Arden,M,15
Judd,M,15
Earlie,M,15
Knox,M,15
Lora,M,15
Val,M,15
Crockett,M,15
Frazier,M,15
Shed,M,15
Dionicio,M,15
Wayman,M,15
Hartwell,M,14
Earley,M,14
Eustace,M,14
Alfredo,M,14
Clovis,M,14
Acie,M,14
Gerard,M,14
Merlin,M,14
Hughie,M,14
Mell,M,14
Anastacio,M,14
Douglass,M,13
Tilman,M,13
Banks,M,13
Cass,M,13
Horton,M,13
Claire,M,13
Denton,M,13
Thompson,M,13
Hoy,M,13
Gibson,M,13
Waymon,M,13
Captain,M,13
Fielding,M,13
Orland,M,13
Silvester,M,13
Hjalmer,M,12
Fenton,M,12
Mal,M,12
Estes,M,12
Stanford,M,12
Florencio,M,12
Burke,M,12
Ellen,M,12
Edmon,M,12
Benito,M,12
Garner,M,12
Constantine,M,12
Jarrett,M,12
Harlie,M,12
Haskell,M,12
Eliseo,M,12
Selmer,M,12
Burrel,M,12
Vere,M,12
Lark,M,12
Salvatore,M,12
Jobe,M,12
Halsey,M,12
Weston,M,12
Ashton,M,12
Colon,M,12
Garnet,M,12
Seward,M,12
Elgie,M,12
Keith,M,12
Sylvan,M,12
Seldon,M,12
Fernand,M,12
Peyton,M,12
Plummer,M,12
Elgin,M,12
Sie,M,12
Aden,M,12
Prentice,M,12
Irvine,M,11
Lim,M,11
Ott,M,11
Mamie,M,11
Johnathan,M,11
Reid,M,11
Manson,M,11
Talmadge,M,11
Linn,M,11
Lesley,M,11
Namon,M,11
Rosendo,M,11
Brad,M,11
Courtland,M,11
Kay,M,11
Moe,M,11
Damon,M,11
Shannon,M,11
Oley,M,11
Vince,M,11
Hillary,M,11
Garret,M,11
Holmes,M,11
Rob,M,11
Jeptha,M,11
Littleton,M,11
Rafe,M,11
Ah,M,11
Clell,M,11
Bryan,M,11
Abbott,M,11
Tandy,M,11
Lavern,M,11
Zenas,M,11
Leeroy,M,11
Loney,M,11
Rudolf,M,11
Blanche,M,11
Lillard,M,11
Alexis,M,11
Payton,M,11
Clabe,M,11
Yancy,M,11
Lott,M,11
Randle,M,11
Severt,M,11
Franklyn,M,11
Juluis,M,11
Camille,M,11
Champ,M,11
Barrett,M,11
Posey,M,11
Amon,M,11
Overton,M,11
Ephram,M,11
Eva,M,11
Lane,M,11
Ras,M,10
Layton,M,10
Duff,M,10
Ellery,M,10
Marius,M,10
Claudie,M,10
Fremont,M,10
Ceasar,M,10
Lorin,M,10
Ewin,M,10
Manly,M,10
Alejandro,M,10
Lewie,M,10
Ode,M,10
Laurel,M,10
Theodor,M,10
Kit,M,10
Mauricio,M,10
Albertus,M,10
Gaines,M,10
Sebron,M,10
Mance,M,10
Ananias,M,10
Ruth,M,10
Olive,M,10
London,M,10
Georgia,M,10
Montie,M,10
Belton,M,10
Powell,M,10
Primus,M,10
Marcel,M,10
Nimrod,M,10
Olden,M,10
Ruel,M,10
Loring,M,10
Jabez,M,10
Babe,M,10
Bayard,M,10
Proctor,M,10
Toby,M,10
Charly,M,10
Eddy,M,10
Winthrop,M,10
Mace,M,10
Perl,M,10
Darrell,M,10
Esau,M,10
Zachariah,M,10
Vaughn,M,10
Cletus,M,10
Dink,M,10
Lawerence,M,10
Jas,M,10
Lot,M,10
Zed,M,10
Duane,M,10
Prosper,M,10
Mercer,M,10
Bluford,M,10
Santos,M,10
Erle,M,10
Quince,M,10
Murry,M,10
Orvel,M,9
Deforest,M,9
Shedrick,M,9
Carlisle,M,9
Doyle,M,9
Lena,M,8
Armstead,M,8
Donaciano,M,8
Alfonzo,M,8
Elzy,M,8
Angel,M,8
Marquis,M,8
Ambers,M,8
Romeo,M,8
Armond,M,8
Carlie,M,8
Vollie,M,8
Alanzo,M,7
Milas,M,7
Pearlie,M,7
Nancy,M,7
Maxie,M,7
Rueben,M,7
Sonny,M,7
Felton,M,7
Governor,M,7
Federico,M,7
Marsh,M,7
Wess,M,7
Maury,M,7
Cas,M,7
Raoul,M,7
Virgie,M,7
Chauncy,M,7
Herb,M,7
Nils,M,7
Arno,M,7
Burnie,M,7
Branch,M,7
Erving,M,7
Fisher,M,7
Franz,M,7
Nehemiah,M,7
Thurston,M,7
Reno,M,7
Werner,M,7
Ebenezer,M,7
Bush,M,7
Laurance,M,7
Malvin,M,6
Lovell,M,6
Ignatz,M,6
Salomon,M,6
Charls,M,6
Cruz,M,6
Fuller,M,6
Casimiro,M,6
Joaquin,M,6
Olof,M,6
Emiliano,M,6
Milan,M,6
Wenzel,M,6
Lish,M,6
Obed,M,6
Julien,M,6
Ethelbert,M,6
Margarito,M,6
Hill,M,6
Lovett,M,6
Gerrit,M,6
Celestino,M,6
Gorden,M,6
Cole,M,6
Marlin,M,6
Hobart,M,6
Simmie,M,6
Hilmer,M,6
Lilburn,M,6
Genie,M,6
Tomie,M,6
Candido,M,6
Ernesto,M,6
Julio,M,6
Virge,M,6
Dixon,M,6
Auguste,M,6
Blas,M,6
Redmond,M,6
Lawton,M,6
Levin,M,6
Cephus,M,6
Hope,M,6
Eliza,M,6
Pratt,M,6
Ham,M,6
Ishmael,M,6
Nim,M,6
Fed,M,6
Hall,M,6
Della,M,6
Ferman,M,6
Shep,M,6
Lacey,M,6
Odin,M,6
Hansford,M,6
Hence,M,6
Florian,M,6
Ruffin,M,6
Liston,M,6
Laurie,M,6
Thurlow,M,6
Lone,M,6
Jordon,M,6
Pascal,M,6
Stanislaus,M,6
Orvis,M,6
Holland,M,6
Reason,M,6
Foy,M,6
Clemente,M,6
Dozier,M,6
Johny,M,6
North,M,6
Robt,M,6
Fleet,M,6
Winford,M,6
Zeno,M,6
Friend,M,6
Edw,M,6
Le,M,6
Benjman,M,6
Cato,M,6
Ricardo,M,6
Redden,M,6
Galen,M,6
Lottie,M,6
Osie,M,6
Elby,M,6
Bernardo,M,6
Andre,M,6
Casey,M,6
Hjalmar,M,6
Jacques,M,6
Gilman,M,6
Braxton,M,6
Hart,M,6
Voyle,M,5
Mildred,M,5
Aurthur,M,5
Needham,M,5
Romie,M,5
Orr,M,5
Arnie,M,5
Marcelino,M,5
Hannibal,M,5
Christy,M,5
Lytle,M,5
Lute,M,5
Buell,M,5
Verna,M,5
Elija,M,5
Lenord,M,5
Durward,M,5
Laird,M,5
Boone,M,5
Pascual,M,5
Jabe,M,5
Matilda,M,5
Wing,M,5
Isidro,M,5
Lucy,M,5
Perle,M,5
Cris,M,5
Rastus,M,5
Harl,M,5
Sloan,M,5
Matthews,M,5
Mikel,M,5
Pliny,M,5
Salvador,M,5
Atlas,M,5
Hendrix,M,5
Gregg,M,5
Reynolds,M,5
Oneal,M,5
Adrien,M,5
Alver,M,5
Burdette,M,5
Alta,M,5
Mathis,M,5
Marrion,M,5
Ova,M,5
Esta,M,5
Vannie,M,5
Jere,M,5
Arvin,M,5
Pembroke,M,5
Rasmus,M,5
Sameul,M,5
Diego,M,5
Greene,M,5
Anatole,M,5
Shellie,M,5
Fountain,M,5
German,M,5
Tucker,M,5
Rolly,M,5
Ancil,M,5
Maryland,M,5
Calhoun,M,5
Fount,M,5
Alcee,M,5
Temple,M,5
Kent,M,5
English,M,5
Alvan,M,5
Gill,M,5
Leonardo,M,5
Linden,M,5
Farley,M,5
Jared,M,5
Burns,M,5
Guillermo,M,5
Bengiman,M,5
Roll,M,5
Samul,M,5
Grafton,M,5
Viola,M,5
Winifred,M,5
Elex,M,5
Ura,M,5
Wiliam,M,5
Oron,M,5
Guilford,M,5
Hunt,M,5
Algernon,M,5
Agustus,M,5
Tilmon,M,5
Ran,M,5
Dorr,M,5
Nathanial,M,5
Tilford,M,5
Patsy,M,5
Sigmund,M,5
Ester,M,5
Sadie,M,5
Lawrance,M,5
Denny,M,5
Barnett,M,5
Alby,M,5
Jhon,M,5
Drury,M,5
Sheppard,M,5
Conway,M,5
Isac,M,5
Nevin,M,5
Boyce,M,5
Chance,M,5
Worthy,M,5
Justice,M,5
Brent,M,5
Williard,M,5
Rolley,M,5
Sip,M,5
Nettie,M,5
Snowden,M,5
Ceylon,M,5
Merida,M,5
Swan,M,5
Firman,M,5
Graves,M,5
Amado,M,5
Xavier,M,5
Corneluis,M,5
Rance,M,5
Edie,M,5
Onnie,M,5
Bose,M,5
Hilario,M,5
Johney,M,5
Elick,M,5
Katherine,M,5
Ingram,M,5
Ona,M,5
Tobie,M,5
Alson,M,5
Isam,M,5
Bowman,M,5
Joy,M,5
Acey,M,5
Goff,M,5
Man,M,5
Abbie,M,5
Orel,M,5
Estevan,M,5
Bunk,M,5
Clide,M,5
Bliss,M,5
Stella,M,5
Caswell,M,5
Marcos,M,5
Larence,M,5
Gid,M,5
Vann,M,5
Emry,M,5
Willy,M,5
Murl,M,5
Colbert,M,5
Luster,M,5
Ad,M,5
Blanchard,M,5
Red,M,5
Willaim,M,5
Claiborne,M,5
Nestor,M,5
Amasa,M,5
Hanson,M,5
Vergil,M,5
Lela,M,5
Carol,M,5
Lauren,M,5
Gorge,M,5
Lemmie,M,5
Orra,M,5
Raymon,M,5
Cassie,M,5
Letcher,M,5
Atticus,M,5
Esequiel,M,5
Laban,M,5
Terrell,M,5
Meddie,M,5
Prentiss,M,5
Harlin,M,5
Geroge,M,5
Teodoro,M,5
Odes,M,5
Gunder,M,5
Atha,M,5
Colby,M,5
Robbie,M,5
Abb,M,5
Estill,M,5
Lizzie,M,5
Jep,M,5
Hays,M,5
Eston,M,5
Ney,M,5
Milburn,M,5
Ell,M,5
Clive,M,5
Orva,M,5
Wilfrid,M,5
Radford,M,5
Burgess,M,5
Olney,M,5
Hillery,M,5
Wallie,M,5
Lofton,M,5
Loyal,M,5
Halbert,M,5
Gentry,M,5
Ovid,M,5
Fabian,M,5
Meredith,M,5
Charle,M,5
Patricio,M,5
Buel,M,5
Everet,M,5
Remus,M,5
Pryor,M,5
Lessie,M,5
Estella,M,5
Phineas,M,5
Birl,M,5
Charlton,M,5
Lovie,M,5
Ng,M,5
Luby,M,5
Cortez,M,5
Amil,M,5
Leverett,M,5
Nova,M,5
Audie,M,5
Jeffrey,M,5
Orlie,M,5
Westley,M,5
Nina,M,5
Elonzo,M,5
Refugio,M,5
Blain,M,5
Bobbie,M,5
True,M,5
Irene,M,5
Lamont,M,5
Flora,M,5
Eugenio,M,5
Oather,M,5
Lenzy,M,5
Rosa,M,5
Britt,M,5
Nate,M,5
Fox,M,5
Chase,M,5
Lula,M,5
Baldwin,M,5
Murdock,M,5
Elon,M,5
Mae,M,5
Evertt,M,5
Profit,M,5
Polk,M,5
Hosey,M,5
Euclid,M,5
Mansfield,M,5
Zelma,M,5
Rennie,M,5
Tip,M,5
Thorvald,M,5
Reubin,M,5
Eliott,M,5
Evander,M,5
Agnes,M,5
Raliegh,M,5
Grove,M,5
Emett,M,5
Moroni,M,5
Abie,M,5
